code_qua,nom,NOM_CO,area_sq_km,lidar_point_count,points_per_sq_km,mean_height_m,median_height_m,p10_height_m,p90_height_m,min_height_m,max_height_m,std_height_m
1320103,Noailles,Marseille 1er Arrondissement,0.1494330563775979,68,455.05326363781813,12.934411764705882,13.51,5.537,16.866,4.81,21.85,4.052568517510007
1320605,Préfecture,Marseille 6e Arrondissement,0.2099870380988437,203,966.7263362438838,11.950541871921182,12.55,4.92,18.240000000000002,2.03,24.95,5.101205856468622
1320102,Le Chapitre,Marseille 1er Arrondissement,0.23807746398437515,341,1432.3069235246037,12.47533724340176,12.28,6.85,17.41,1.58,37.13,4.856893550353126
1320106,Thiers,Marseille 1er Arrondissement,0.19541954416864887,259,1325.3536185535293,11.482200772200772,10.92,5.24,18.254,1.64,38.13,5.02729119563765
1320806,La Pointe Rouge,Marseille 8e Arrondissement,2.056988575886594,8589,4175.521488396214,10.166377925253231,9.95,3.64,17.26,1.52,32.43,4.947775565657774
1320604,Palais de Justice,Marseille 6e Arrondissement,0.32450714963530586,534,1645.5723721345757,9.725243445692884,9.35,4.0520000000000005,16.232,1.59,21.19,4.4409243241067395
1320502,Le Camas,Marseille 5e Arrondissement,0.6185635440688224,1174,1897.945669862139,9.790843270868825,9.165,4.355,17.13,1.74,25.33,4.558755089592975
1320602,Lodi,Marseille 6e Arrondissement,0.34021770278838487,659,1936.9950317073815,9.395538694992412,9.12,3.35,15.772,1.52,55.74,5.035281189988719
1320808,Saint-Giniez,Marseille 8e Arrondissement,1.5377713204836942,3892,2530.9354831613073,9.41898766700925,9.015,3.761,15.17,1.53,53.76,4.6247518902771905
1320804,Périer,Marseille 8e Arrondissement,1.2225495350611824,4320,3533.5991516972,9.345298611111112,8.985,3.7190000000000003,15.461,1.55,31.0,4.452078910501027
1320404,Cinq Avenues,Marseille 4e Arrondissement,0.6735813365360706,1493,2216.510344063028,9.267032819825854,8.96,4.272,14.808,1.54,29.44,4.116220460766152
1320803,Montredon,Marseille 8e Arrondissement,3.384138603168318,16072,4749.214463306254,8.688172598307615,8.59,3.23,14.08,1.5,39.52,4.217828065222663
1320902,Le Cabot,Marseille 9e Arrondissement,1.9811747531201258,7048,3557.485269232408,9.05275113507378,8.52,2.99,15.493000000000002,1.5,48.81,4.914674209432156
1320202,Les Grands-Carmes,Marseille 2e Arrondissement,0.2892244970563944,249,860.9229250434094,9.443654618473895,8.51,4.74,15.946000000000007,1.56,22.41,4.392298232967267
1320601,Castellane,Marseille 6e Arrondissement,0.3381450455347076,487,1440.2103666191783,8.988603696098563,8.49,5.12,13.842000000000004,2.29,23.7,3.39266142493856
1321105,La Millière,Marseille 11e Arrondissement,2.6337027371584174,14001,5316.089702327647,8.361574887508036,8.37,2.46,14.32,1.5,30.82,4.463040688122608
1320101,Belsunce,Marseille 1er Arrondissement,0.37624057177872416,338,898.3613819266299,9.99914201183432,8.335,4.311,18.380000000000003,1.56,34.98,5.474666351955406
1321101,Les Accates,Marseille 11e Arrondissement,1.8077190292257062,8156,4511.763093788657,8.91583496812163,8.305,2.94,16.0,1.5,33.12,5.005299879219603
1320603,Notre-Dame-du-Mont,Marseille 6e Arrondissement,0.2657779700101067,387,1456.102625756693,9.15922480620155,8.3,4.566,14.694000000000011,2.32,26.4,4.030635650843348
1321108,Saint-Menet,Marseille 11e Arrondissement,3.5713187533622266,11880,3326.502286813672,9.495728114478114,8.14,2.9,18.292000000000005,1.5,35.55,5.93578530547367
1320105,Saint-Charles,Marseille 1er Arrondissement,0.6251028873611905,747,1195.0032788256442,8.91615796519411,8.09,3.326,15.703999999999999,1.55,23.32,4.781620541668293
1321006,La Timone,Marseille 10e Arrondissement,1.3012769954450192,3949,3034.7112980733937,8.279280830590023,8.05,2.98,13.67,1.5,21.59,4.089379452356975
1321104,Éoures,Marseille 11e Arrondissement,1.3684365094526931,6054,4424.026952058814,9.799160885365048,8.03,2.94,19.073999999999995,1.51,27.92,6.203590881185655
1320401,La Blancarde,Marseille 4e Arrondissement,0.9395501725209308,2454,2611.888190511009,8.55673186634067,8.0,3.583,14.24,1.5,33.48,4.168324745272343
1320304,La Villette,Marseille 3e Arrondissement,0.3791603277670157,716,1888.3832182990507,8.850656424581006,7.995,3.285,15.425,1.54,53.94,5.104665600916032
1320503,La Conception,Marseille 5e Arrondissement,0.44213258544822875,626,1415.8648799101036,8.407108626198085,7.92,3.54,14.045,1.6,20.69,4.044170731631082
1320807,Le Rouet,Marseille 8e Arrondissement,0.6508851686687468,1302,2000.352846667218,8.188387096774195,7.84,3.4019999999999997,13.439,1.5,51.97,4.04851586597685
1321001,La Capelette,Marseille 10e Arrondissement,1.246830562365589,2212,1774.0983151738055,8.873634719710669,7.79,3.2420000000000004,16.12,1.52,31.55,5.428761819863989
1320203,Hôtel-de-Ville,Marseille 2e Arrondissement,0.34411156888988526,292,848.561996744257,8.898732876712328,7.785,3.119,15.823000000000002,1.73,20.1,4.562846684531958
1320704,Le Pharo,Marseille 7e Arrondissement,0.49297104915272083,565,1146.1119288264022,8.639787610619468,7.74,2.672,15.366,1.54,30.64,5.446483570905554
1321109,La Treille,Marseille 11e Arrondissement,1.6107031177728335,8550,5308.240795996184,8.740794152046783,7.59,2.92,16.531000000000006,1.5,28.96,5.193854515573182
1320504,Saint-Pierre,Marseille 5e Arrondissement,0.5067464243253187,1021,2014.8144140520728,8.588893241919687,7.53,3.27,15.98,1.5,26.32,4.776429305573417
1320805,La Plage,Marseille 8e Arrondissement,0.8487696894327553,2451,2887.709151864315,7.94172582619339,7.43,3.36,13.5,1.52,25.22,3.9005656627848238
1320501,Baille,Marseille 5e Arrondissement,0.6251720928961183,1123,1796.3053897650598,7.968753339269813,7.39,3.122,13.65,1.56,22.31,4.054113605386358
1320904,Mazargues,Marseille 9e Arrondissement,2.372157013496116,8066,3400.2808220996403,8.02639474336722,7.36,3.03,13.86,1.5,49.24,4.459691853373654
1321308,La Rose,Marseille 13e Arrondissement,1.6169648323468173,5316,3287.6410752140523,8.14824115876599,7.31,3.065,14.425,1.51,36.6,4.445072320142301
1321111,La Valentine,Marseille 11e Arrondissement,3.477116525889395,12527,3602.697783271954,8.136936217769618,7.3,2.79,14.89,1.5,29.33,4.700342932139018
1321106,La Pomme,Marseille 11e Arrondissement,2.047146016069628,6231,3043.749664698109,8.083277162574225,7.25,2.89,14.42,1.5,40.44,4.603926670067756
1321503,La Cabucelle,Marseille 15e Arrondissement,0.9766631470821443,2039,2087.7208340374755,8.127302599313388,7.23,2.85,14.92,1.51,29.84,4.73486222571622
1320302,Saint-Lazare,Marseille 3e Arrondissement,0.5537264872116116,933,1684.9473910816291,8.891307609860664,7.2,3.724,16.444000000000006,1.51,63.05,5.869968231914601
1320809,Sainte-Anne,Marseille 8e Arrondissement,1.621290426470247,5335,3290.5887266693885,8.02331771321462,7.19,3.13,13.636000000000005,1.52,38.47,4.587148875934603
1320707,Saint-Victor,Marseille 7e Arrondissement,0.43969446440801024,773,1758.0389624434802,7.633234152652005,7.18,2.93,12.738000000000001,1.5,21.1,3.983985609936265
1321405,Saint-Barthélemy,Marseille 14e Arrondissement,1.7577732709491425,5138,2923.0163439825437,7.770284157259634,7.11,2.92,13.543000000000001,1.52,28.57,4.075066677031953
1320104,Opéra,Marseille 1er Arrondissement,0.19519691713577542,77,394.4734431765651,8.105194805194806,7.0,4.72,14.27000000000002,3.08,19.44,3.8581702816332415
1320301,Belle de Mai,Marseille 3e Arrondissement,0.8251030288684459,1502,1820.3787253815526,7.83237017310253,6.97,2.8009999999999997,14.377000000000004,1.52,29.99,4.434364664917415
1321310,Saint-Just,Marseille 13e Arrondissement,1.4850312322835835,4580,3084.110219659944,7.8077794759825325,6.9350000000000005,2.98,13.881000000000004,1.5,45.4,4.3486225705426635
1320606,Vauban,Marseille 6e Arrondissement,0.5850376600309797,1417,2422.0662989882826,7.758842625264644,6.92,3.59,12.328000000000001,1.5,41.77,4.499572319750813
1320906,Le Redon,Marseille 9e Arrondissement,9.645260047223456,45106,4676.493923353004,7.242574158648517,6.86,2.46,12.3,1.5,65.76,4.094773523360514
1321502,Borel,Marseille 15e Arrondissement,1.1277523005467276,4545,4030.140304565649,8.24496809680968,6.86,2.73,15.78,1.5,24.76,4.987192042373325
1321401,Les Arnavaux,Marseille 14e Arrondissement,1.49613624863047,2705,1807.9904169664342,7.269327171903881,6.85,2.65,12.365999999999998,1.5,22.43,3.7407178700390658
1321207,Les Trois-Lucs,Marseille 12e Arrondissement,3.2837427295601476,13569,4132.175117694907,8.224092416537697,6.84,2.81,15.992000000000008,1.5,26.07,4.996571475230155
1320908,Sainte-Marguerite,Marseille 9e Arrondissement,2.468881944033724,7423,3006.624119042366,7.615309174188334,6.81,2.93,13.37,1.5,41.13,4.151455758953184
1321005,Saint-Tronc,Marseille 10e Arrondissement,3.512656033710326,7796,2219.403188124085,7.385386095433556,6.8,2.285,13.225000000000001,1.5,36.39,4.319831808693624
1320905,La Panouse,Marseille 9e Arrondissement,1.6260628542291098,4801,2952.530394205504,7.730693605498854,6.73,2.23,14.39,1.5,47.24,4.7502350597605
1320402,Les Chartreux,Marseille 4e Arrondissement,0.5988979666090176,1182,1973.62500108746,7.805016920473774,6.725,3.1,14.297000000000004,1.5,23.91,4.497003852473673
1320901,Les Baumettes,Marseille 9e Arrondissement,7.07319657663722,32131,4542.642022155689,7.021350409262084,6.61,2.68,11.57,1.5,82.59,3.663634932457635
1320705,Le Roucas Blanc,Marseille 7e Arrondissement,1.2178078560419008,5306,4357.009173224974,7.298066339992461,6.56,3.04,12.815000000000001,1.52,22.16,3.734328873047097
1320204,La Joliette,Marseille 2e Arrondissement,0.6936849081925965,951,1370.9394406140977,7.3760147213459515,6.56,3.91,11.23,1.6,30.23,3.702848888397871
1321402,Bon-Secours,Marseille 14e Arrondissement,0.8178431696112668,2001,2446.679356570411,7.064792603698151,6.52,2.8,11.95,1.5,26.23,3.5940144364575466
1320403,Chutes-Lavie,Marseille 4e Arrondissement,0.6733859869295235,1645,2442.878277733103,7.469884498480242,6.51,2.94,13.056000000000003,1.51,51.62,4.506321234596613
1321504,La Calade,Marseille 15e Arrondissement,1.1106080510890852,2621,2359.968485218339,7.15151468904998,6.5,2.56,12.44,1.5,36.05,3.945032042879404
1321509,Saint-Louis,Marseille 15e Arrondissement,1.519532363242312,3871,2547.4942776080325,7.140219581503488,6.5,2.73,12.07,1.51,25.35,3.8752297093990062
1320303,Saint-Mauront,Marseille 3e Arrondissement,0.7868700604855273,1301,1653.3860739309816,7.302321291314374,6.45,2.74,12.7,1.52,25.64,4.068152253948699
1321202,La Fourragère,Marseille 12e Arrondissement,1.1831092448063998,4237,3581.2415620954166,7.858963889544489,6.38,2.88,14.574000000000002,1.51,31.68,4.9632808301116915
1321204,Saint-Barnabé,Marseille 12e Arrondissement,1.9089469343793468,7349,3849.766521870012,7.268827051299497,6.37,3.0,12.802,1.5,32.42,3.8881213949222944
1320801,Bonneveine,Marseille 8e Arrondissement,1.3931906010701556,3334,2393.0681110244677,7.181514697060587,6.365,2.66,12.79,1.5,31.4,4.2279649648511
1321403,Le Canet,Marseille 14e Arrondissement,1.2603446703252064,2316,1837.5925685490488,6.89470207253886,6.35,2.5949999999999998,11.864999999999998,1.51,25.57,3.8100616534656684
1321303,Malpassé,Marseille 13e Arrondissement,1.2245950714107388,2910,2376.29569801197,7.208501718213059,6.3149999999999995,2.66,12.901,1.51,25.05,4.034596878539948
1321002,Menpenti,Marseille 10e Arrondissement,0.38634789595530505,962,2489.983794583133,6.711725571725572,6.3,2.8409999999999997,10.842999999999998,1.51,22.67,3.3359508214281925
1321206,Saint-Julien,Marseille 12e Arrondissement,2.2467979873038395,9161,4077.358112196465,7.376713240912565,6.26,2.89,13.6,1.5,58.16,4.377411334679268
1321201,Les Caillols,Marseille 12e Arrondissement,2.0957732405094744,7882,3760.9030631977703,7.335545546815529,6.24,2.82,13.45,1.5,27.19,4.287090327036169
1321103,Les Camoins,Marseille 11e Arrondissement,2.85799179749164,13185,4613.379230679394,7.515141448615851,6.2,2.81,14.31,1.5,29.6,4.714017016207697
1320706,Saint-Lambert,Marseille 7e Arrondissement,0.44284132661198367,912,2059.4283893451793,7.179122807017544,6.1850000000000005,3.481,12.019,1.77,23.98,3.7822447145050413
1321003,Pont-de-Vivaux,Marseille 10e Arrondissement,0.8708174107033982,1611,1849.9859789191894,7.241011793916822,6.18,2.84,13.02,1.51,26.88,4.195459350532743
1321508,Saint-Antoine,Marseille 15e Arrondissement,1.6783615929749487,5780,3443.8347637321517,7.19378027681661,6.135,2.82,13.421000000000003,1.5,24.83,4.131170629937102
1321309,Saint-Jérôme,Marseille 13e Arrondissement,1.4018918918118861,4938,3522.382880478639,7.37424463345484,6.09,2.73,13.85,1.5,35.33,4.470949540975688
1321203,Montolivet,Marseille 12e Arrondissement,2.1613300888295055,8747,4047.044940153979,7.054624442666057,6.09,2.87,12.69,1.5,34.49,3.9013078518160405
1321505,Les Crottes,Marseille 15e Arrondissement,0.6706325493206929,675,1006.5124346912941,7.058755555555555,5.99,2.614,11.792000000000003,1.5,56.76,5.2731983091400325
1321205,Saint-Jean du Désert,Marseille 12e Arrondissement,1.1656154122215663,2762,2369.563726629058,6.7947212165097755,5.95,2.6910000000000003,12.18,1.5,29.42,3.7682844608788413
1320701,Bompard,Marseille 7e Arrondissement,0.5907286509548177,2275,3851.1759948037543,6.596791208791209,5.92,3.334,10.82,1.5,20.9,3.099562653621017
1320907,Sormiou,Marseille 9e Arrondissement,8.013048021298898,28370,3540.475475074126,6.797336270708494,5.92,2.14,12.641000000000023,1.5,61.15,4.3289526657141515
1321302,La Croix-Rouge,Marseille 13e Arrondissement,1.2858712683758438,4648,3614.669768514844,7.187540877796902,5.885,2.63,14.04,1.5,27.51,4.509828937541456
1321506,La Delorme,Marseille 15e Arrondissement,1.2156253776667472,3358,2762.3641803573514,6.634839189994044,5.8,2.5970000000000004,11.806000000000004,1.5,27.08,3.7279733426780837
1321507,Notre-Dame Limite,Marseille 15e Arrondissement,2.3180042871306266,7892,3404.6528920657092,6.965153319817537,5.78,2.63,13.26,1.5,25.77,4.105418427288554
1321004,Saint-Loup,Marseille 10e Arrondissement,3.4380012173400467,9853,2865.9093982587897,7.161697960012179,5.78,2.19,13.99,1.5,44.58,4.743343198510511
1320903,Carpiagne,Marseille 9e Arrondissement,10.26885851329058,25373,2470.868594319488,6.678511015646553,5.73,1.88,12.84,1.5,22.97,4.311162384759281
1321107,Saint-Marcel,Marseille 11e Arrondissement,6.364362561671018,18156,2852.760166327323,6.786714033928178,5.72,2.225,13.01,1.5,30.89,4.282636291214054
1320810,Vieille Chapelle,Marseille 8e Arrondissement,1.1561108830508688,3737,3232.388912505006,6.475889751137276,5.71,2.81,11.03,1.51,44.11,3.5041017822654337
1320201,Arenc,Marseille 2e Arrondissement,2.192211614021219,892,406.8950252315222,6.53237668161435,5.635,2.371,11.817,1.5,56.34,4.229327827641693
1321306,Les Olives,Marseille 13e Arrondissement,3.0750138904913964,12398,4031.8517058857133,7.027150346830134,5.61,2.67,13.92,1.5,29.81,4.541752171475894
1321102,La Barasse,Marseille 11e Arrondissement,6.136774051590288,12401,2020.7685496888053,6.9543843238448515,5.54,1.94,14.17,1.5,57.37,4.81194341669862
1321511,La Viste,Marseille 15e Arrondissement,1.6024851506067699,4472,2790.6654849854353,6.436929785330948,5.53,2.31,11.63,1.5,29.74,3.9102838321460567
1321510,Verduron,Marseille 15e Arrondissement,1.4083593775223302,4753,3374.8488318100744,6.395074689669682,5.43,2.5020000000000002,11.72,1.5,20.3,3.6462917546854734
1320702,Endoume,Marseille 7e Arrondissement,0.6259234416598939,1839,2938.058998274827,6.161615008156606,5.39,3.028,10.416000000000002,1.5,25.13,3.0005161419820365
1321603,Saint-André,Marseille 16e Arrondissement,2.7087045333243394,4860,1794.2156260341242,5.7239032921810695,5.19,2.27,9.891000000000004,1.5,24.0,3.0669897468251377
1321301,Château Gombert,Marseille 13e Arrondissement,2.8165486160551483,10492,3725.126539692069,6.154556805184903,5.13,2.54,11.43,1.5,32.9,3.7078069648672933
1321311,Saint-Mitre,Marseille 13e Arrondissement,2.8337353433876027,11054,3900.858287911052,6.1460620589831745,5.1,2.53,11.307000000000007,1.5,33.28,3.6979096268785714
1321604,Saint-Henri,Marseille 16e Arrondissement,1.953595119440875,4848,2481.578681148381,6.0567264851485145,5.01,2.3,11.59,1.5,22.33,3.7533603388375165
1321407,Sainte-Marthe,Marseille 14e Arrondissement,2.84453871708101,8509,2991.346171140082,6.168244212010812,4.96,2.32,11.632,1.5,38.55,4.295596152533062
1321601,L'Estaque,Marseille 16e Arrondissement,3.486151541448699,7619,2185.5045339864546,6.082488515553223,4.95,2.17,11.96,1.5,23.69,3.8249928165893947
1321501,Les Aygalades,Marseille 15e Arrondissement,3.0205699672966606,11159,3694.3358772738657,5.808515099919347,4.79,2.27,10.94,1.5,29.27,3.6718020191294234
1321110,La Valbarelle,Marseille 11e Arrondissement,1.6478830216035276,5575,3383.1284908652437,6.1346959641255605,4.74,1.86,12.556000000000004,1.5,25.25,4.365658245439924
1321406,Saint-Joseph,Marseille 14e Arrondissement,2.9875281589403238,8102,2711.9409655619042,5.86676993334979,4.7,2.24,11.679000000000006,1.5,25.39,3.869938866750427
1320802,Les Goudes,Marseille 8e Arrondissement,6.746311471383082,15908,2358.029282739098,5.500163439778728,4.59,1.99,10.16,1.5,55.66,3.637023172941225
1321404,Le Merlan,Marseille 14e Arrondissement,5.211703099907988,14136,2712.357118011878,5.372135681946802,4.3,2.05,10.09,1.5,33.75,3.6399860550054344
1320909,Vaufrèges,Marseille 9e Arrondissement,19.836886688826613,87455,4408.705931120742,4.894934652106798,4.19,2.0,8.07,1.5,101.94,3.7522856915377782
1321304,Les Médecins,Marseille 13e Arrondissement,3.0133248511550614,12788,4243.817255580038,5.393532217704098,4.04,2.07,11.14,1.5,23.45,3.789415299944745
1321305,Les Mourets,Marseille 13e Arrondissement,4.282702929374386,10059,2348.7503489926657,4.947557411273487,3.51,1.83,10.862000000000007,1.5,29.54,3.6078021671085225
1321307,Palama,Marseille 13e Arrondissement,4.973074537063495,19498,3920.7134046925416,4.908473176736075,3.47,1.89,10.66,1.5,24.28,3.619078355766109
1321602,Les Riaux,Marseille 16e Arrondissement,6.036633215940918,9650,1598.573187205954,4.637121243523316,3.29,1.79,9.84,1.5,29.96,3.455813104719686
1320703,Les Îles,Marseille 7e Arrondissement,1.8947773469146876,0,0.0,,,,,,,
